{
  "timestamp": "20260307_121513",
  "model": "qwen3_vl_2b",
  "n_samples": 500,
  "n_positive": 497,
  "n_negative": 3,
  "pos_ratio": 99.4,
  "mean_all": 9.950015625,
  "std_all": 6.284647438987572,
  "median_all": 7.4140625,
  "mean_positive": 10.01287411971831,
  "std_positive": 6.250946676962984,
  "mean_negative": -0.4635416666666667,
  "lambda": 0.061486166866102754,
  "gate_pass": true,
  "iig_values": [
    17.78125,
    4.21875,
    16.125,
    2.9375,
    12.4765625,
    2.1171875,
    16.375,
    1.7265625,
    15.078125,
    1.75,
    14.671875,
    3.046875,
    19.21875,
    5.3203125,
    19.921875,
    6.25,
    17.125,
    4.9140625,
    17.53125,
    3.453125,
    12.6015625,
    6.015625,
    14.375,
    5.640625,
    16.1875,
    4.2421875,
    16.625,
    2.6875,
    16.125,
    3.734375,
    15.453125,
    -0.015625,
    16.171875,
    3.28125,
    7.453125,
    1.9921875,
    15.796875,
    3.453125,
    14.53125,
    5.8828125,
    15.0390625,
    2.09375,
    4.40625,
    1.0546875,
    17.375,
    3.3671875,
    16.28125,
    3.015625,
    17.984375,
    7.1640625,
    16.78125,
    4.265625,
    16.890625,
    5.390625,
    17.40625,
    4.71875,
    19.0,
    7.5859375,
    17.28125,
    5.9765625,
    16.828125,
    4.09375,
    16.40625,
    3.875,
    17.109375,
    6.2734375,
    15.0703125,
    4.1640625,
    15.796875,
    1.53125,
    15.6171875,
    1.984375,
    17.390625,
    8.046875,
    19.359375,
    8.8984375,
    18.09375,
    5.59375,
    15.640625,
    3.046875,
    13.8125,
    6.84375,
    16.1875,
    4.2734375,
    16.1875,
    3.4375,
    16.40625,
    7.8515625,
    15.125,
    3.4140625,
    18.171875,
    4.5625,
    16.5,
    4.3125,
    16.3125,
    4.0625,
    16.90625,
    4.90625,
    4.296875,
    5.734375,
    18.28125,
    7.2578125,
    17.328125,
    4.8125,
    16.84375,
    3.890625,
    17.359375,
    5.625,
    15.6875,
    0.734375,
    15.140625,
    0.28125,
    16.84375,
    2.3984375,
    15.4609375,
    2.546875,
    14.6640625,
    2.9921875,
    15.4140625,
    2.578125,
    1.71875,
    5.7109375,
    14.8046875,
    6.4140625,
    17.625,
    7.03125,
    17.5625,
    0.640625,
    16.09375,
    5.78125,
    19.53125,
    6.9296875,
    17.34375,
    0.8671875,
    18.25,
    4.578125,
    17.78125,
    6.0546875,
    15.421875,
    1.9140625,
    4.6875,
    4.1875,
    15.96875,
    2.5625,
    19.796875,
    2.28125,
    17.75,
    4.7421875,
    9.90625,
    3.8125,
    15.0234375,
    2.53125,
    16.0,
    3.765625,
    15.265625,
    4.578125,
    18.890625,
    3.375,
    11.9296875,
    4.8671875,
    16.21875,
    5.2421875,
    19.40625,
    6.9765625,
    18.25,
    5.2421875,
    8.328125,
    4.1171875,
    15.6875,
    2.5625,
    17.078125,
    1.8046875,
    16.015625,
    2.46875,
    15.8828125,
    -0.03125,
    17.140625,
    6.2265625,
    11.8046875,
    3.015625,
    18.046875,
    4.5,
    19.484375,
    4.828125,
    16.703125,
    6.4609375,
    16.40625,
    4.0078125,
    16.875,
    3.046875,
    16.21875,
    5.3671875,
    15.8046875,
    0.7734375,
    15.015625,
    1.84375,
    -1.34375,
    3.578125,
    4.640625,
    6.296875,
    16.421875,
    4.890625,
    16.96875,
    6.8359375,
    17.421875,
    3.6171875,
    18.21875,
    6.140625,
    16.8125,
    3.9609375,
    15.5625,
    6.375,
    15.4296875,
    2.203125,
    17.375,
    4.234375,
    16.71875,
    3.5390625,
    16.078125,
    2.6796875,
    16.375,
    3.6875,
    15.90625,
    3.296875,
    15.421875,
    5.109375,
    16.1875,
    1.8203125,
    17.90625,
    7.1953125,
    17.265625,
    6.25,
    17.875,
    3.7109375,
    17.9375,
    3.3359375,
    14.734375,
    5.0234375,
    17.125,
    3.25,
    4.453125,
    0.296875,
    16.515625,
    3.671875,
    16.625,
    3.5078125,
    16.09375,
    5.234375,
    18.5625,
    4.890625,
    14.7109375,
    2.71875,
    15.8359375,
    3.7265625,
    15.3203125,
    5.6875,
    15.3046875,
    3.78125,
    16.3125,
    8.0078125,
    17.0,
    6.6015625,
    16.53125,
    5.59375,
    17.0625,
    3.9375,
    17.59375,
    2.625,
    16.859375,
    2.5546875,
    17.21875,
    5.1796875,
    16.5,
    3.953125,
    16.15625,
    5.59375,
    17.78125,
    1.6875,
    16.6875,
    3.015625,
    15.28125,
    1.765625,
    15.703125,
    2.015625,
    14.2109375,
    2.359375,
    5.9375,
    2.34375,
    17.25,
    5.3359375,
    16.890625,
    4.4765625,
    15.7578125,
    2.7578125,
    16.5,
    1.1328125,
    17.3125,
    7.203125,
    14.3515625,
    5.09375,
    16.84375,
    2.53125,
    15.78125,
    4.7734375,
    16.5625,
    1.5078125,
    16.796875,
    4.8125,
    16.5625,
    4.609375,
    13.8984375,
    3.3671875,
    19.171875,
    5.1640625,
    19.8125,
    8.0859375,
    17.484375,
    4.7734375,
    18.515625,
    5.609375,
    11.7109375,
    6.375,
    16.40625,
    7.8984375,
    16.3125,
    3.578125,
    7.5546875,
    5.328125,
    18.015625,
    7.296875,
    16.09375,
    5.1171875,
    16.296875,
    3.7578125,
    16.03125,
    5.1484375,
    16.515625,
    1.265625,
    17.390625,
    4.046875,
    18.125,
    5.640625,
    16.875,
    8.3984375,
    18.53125,
    4.5078125,
    17.5625,
    7.15625,
    15.828125,
    2.0625,
    16.25,
    2.875,
    6.734375,
    3.015625,
    17.90625,
    5.8359375,
    5.859375,
    7.3984375,
    18.78125,
    8.4765625,
    16.265625,
    7.4296875,
    16.515625,
    7.4765625,
    6.8125,
    4.734375,
    17.875,
    4.65625,
    18.734375,
    7.03125,
    2.6875,
    5.890625,
    16.625,
    3.65625,
    16.53125,
    3.6875,
    11.4921875,
    6.0078125,
    16.125,
    4.734375,
    15.96875,
    3.3203125,
    17.0,
    3.3828125,
    17.84375,
    7.2578125,
    17.875,
    1.7265625,
    17.125,
    2.625,
    15.5078125,
    3.25,
    16.0625,
    1.2421875,
    14.734375,
    1.375,
    14.125,
    1.5078125,
    8.6015625,
    3.5703125,
    14.9921875,
    3.4375,
    16.765625,
    4.6640625,
    17.765625,
    8.6953125,
    17.140625,
    3.5859375,
    17.078125,
    5.625,
    16.96875,
    3.84375,
    11.6328125,
    5.640625,
    17.453125,
    7.015625,
    16.75,
    3.296875,
    14.6171875,
    4.21875,
    14.9375,
    2.75,
    15.8671875,
    2.484375,
    14.8515625,
    4.5625,
    15.75,
    4.046875,
    15.703125,
    3.8359375,
    15.25,
    3.703125,
    16.734375,
    3.71875,
    15.1640625,
    4.9140625,
    18.765625,
    6.0703125,
    16.203125,
    2.703125,
    15.6640625,
    4.7890625,
    5.0625,
    3.90625,
    15.4765625,
    5.0078125,
    15.8125,
    3.109375,
    16.421875,
    4.421875,
    17.0625,
    3.078125,
    16.4375,
    4.4609375,
    10.1796875,
    4.484375,
    12.0078125,
    5.328125,
    17.15625,
    5.234375,
    17.359375,
    3.6328125,
    17.125,
    7.640625,
    15.921875,
    5.078125,
    19.546875,
    6.4453125,
    15.0703125,
    3.3359375,
    15.90625,
    2.890625,
    16.40625,
    4.7265625,
    15.421875,
    3.234375,
    15.9296875,
    3.2734375,
    16.3125,
    4.7265625,
    17.546875,
    5.59375,
    16.703125,
    2.5234375,
    16.4375,
    5.59375,
    16.296875,
    5.015625,
    19.34375,
    5.328125,
    17.328125,
    5.109375,
    13.4921875,
    0.53125,
    14.9375,
    2.015625,
    14.265625,
    2.6953125,
    19.03125,
    5.6796875
  ]
}