{
  "overall": {
    "acc": 87.0,
    "precision": 89.36170212765957,
    "recall": 84.0,
    "f1": 86.5979381443299,
    "total": 300
  },
  "per_split": {
    "random": {
      "acc": 0,
      "precision": 0,
      "recall": 0,
      "f1": 0,
      "tp": 0,
      "fp": 0,
      "tn": 0,
      "fn": 0,
      "total": 0
    },
    "popular": {
      "acc": 0,
      "precision": 0,
      "recall": 0,
      "f1": 0,
      "tp": 0,
      "fp": 0,
      "tn": 0,
      "fn": 0,
      "total": 0
    },
    "adversarial": {
      "acc": 87.0,
      "precision": 89.36170212765957,
      "recall": 84.0,
      "f1": 86.5979381443299,
      "tp": 126,
      "fp": 15,
      "tn": 135,
      "fn": 24,
      "total": 300
    }
  },
  "avg_think_words": 54.78333333333333
}