{
  "overall": {
    "acc": 89.8,
    "precision": 94.22222222222221,
    "recall": 84.8,
    "f1": 89.26315789473684,
    "total": 1500
  },
  "per_split": {
    "random": {
      "acc": 91.60000000000001,
      "precision": 97.70642201834863,
      "recall": 85.2,
      "f1": 91.02564102564104,
      "tp": 213,
      "fp": 5,
      "tn": 245,
      "fn": 37,
      "total": 500
    },
    "popular": {
      "acc": 90.2,
      "precision": 95.47511312217195,
      "recall": 84.39999999999999,
      "f1": 89.59660297239914,
      "tp": 211,
      "fp": 10,
      "tn": 240,
      "fn": 39,
      "total": 500
    },
    "adversarial": {
      "acc": 87.6,
      "precision": 89.83050847457628,
      "recall": 84.8,
      "f1": 87.24279835390946,
      "tp": 212,
      "fp": 24,
      "tn": 226,
      "fn": 38,
      "total": 500
    }
  },
  "avg_think_words": 52.428
}