{
  "overall": {
    "acc": 85.33333333333334,
    "precision": 86.80555555555556,
    "recall": 83.33333333333334,
    "f1": 85.03401360544218,
    "total": 300
  },
  "per_split": {
    "random": {
      "acc": 0,
      "precision": 0,
      "recall": 0,
      "f1": 0,
      "tp": 0,
      "fp": 0,
      "tn": 0,
      "fn": 0,
      "total": 0
    },
    "popular": {
      "acc": 0,
      "precision": 0,
      "recall": 0,
      "f1": 0,
      "tp": 0,
      "fp": 0,
      "tn": 0,
      "fn": 0,
      "total": 0
    },
    "adversarial": {
      "acc": 85.33333333333334,
      "precision": 86.80555555555556,
      "recall": 83.33333333333334,
      "f1": 85.03401360544218,
      "tp": 125,
      "fp": 19,
      "tn": 131,
      "fn": 25,
      "total": 300
    }
  },
  "avg_think_words": 65.16
}