{
  "overall": {
    "acc": 87.33333333333333,
    "precision": 90.0,
    "recall": 84.0,
    "f1": 86.89655172413794,
    "total": 300
  },
  "per_split": {
    "random": {
      "acc": 0,
      "precision": 0,
      "recall": 0,
      "f1": 0,
      "tp": 0,
      "fp": 0,
      "tn": 0,
      "fn": 0,
      "total": 0
    },
    "popular": {
      "acc": 0,
      "precision": 0,
      "recall": 0,
      "f1": 0,
      "tp": 0,
      "fp": 0,
      "tn": 0,
      "fn": 0,
      "total": 0
    },
    "adversarial": {
      "acc": 87.33333333333333,
      "precision": 90.0,
      "recall": 84.0,
      "f1": 86.89655172413794,
      "tp": 126,
      "fp": 14,
      "tn": 136,
      "fn": 24,
      "total": 300
    }
  },
  "avg_think_words": 62.373333333333335
}