{
  "overall": {
    "acc": 87.66666666666667,
    "precision": 88.96551724137932,
    "recall": 86.0,
    "f1": 87.45762711864408,
    "total": 300
  },
  "per_split": {
    "random": {
      "acc": 0,
      "precision": 0,
      "recall": 0,
      "f1": 0,
      "tp": 0,
      "fp": 0,
      "tn": 0,
      "fn": 0,
      "total": 0
    },
    "popular": {
      "acc": 0,
      "precision": 0,
      "recall": 0,
      "f1": 0,
      "tp": 0,
      "fp": 0,
      "tn": 0,
      "fn": 0,
      "total": 0
    },
    "adversarial": {
      "acc": 87.66666666666667,
      "precision": 88.96551724137932,
      "recall": 86.0,
      "f1": 87.45762711864408,
      "tp": 129,
      "fp": 16,
      "tn": 134,
      "fn": 21,
      "total": 300
    }
  },
  "avg_think_words": 59.31666666666667
}