{
  "timestamp": "20260308_121500",
  "n_samples": 3000,
  "conditions": {
    "baseline": {
      "acc": 87.4,
      "f1": 87.20379146919431,
      "precision": 88.58321870701513,
      "recall": 85.86666666666667,
      "n": 3000,
      "n_unknown": 0,
      "blind_gap": 37.400000000000006
    },
    "baseline_blind": {
      "acc": 50.0,
      "f1": 0.0,
      "precision": 0.0,
      "recall": 0.0,
      "n": 3000,
      "n_unknown": 0
    },
    "steered": {
      "acc": 87.13333333333333,
      "f1": 87.0121130551817,
      "precision": 87.83967391304348,
      "recall": 86.2,
      "n": 3000,
      "n_unknown": 0,
      "blind_gap": 37.133333333333326
    },
    "steered_blind": {
      "acc": 50.0,
      "f1": 0.0,
      "precision": 0.0,
      "recall": 0.0,
      "n": 3000,
      "n_unknown": 0
    },
    "bon_r1": {
      "acc": 87.7,
      "f1": 87.31522860089378,
      "precision": 90.13484740951029,
      "recall": 84.66666666666667,
      "n": 3000,
      "n_unknown": 0,
      "blind_gap": 37.7
    },
    "bon_r1_blind": {
      "acc": 50.0,
      "f1": 0.0,
      "precision": 0.0,
      "recall": 0.0,
      "n": 3000,
      "n_unknown": 0
    }
  }
}