{
  "timestamp": "20260308_114609",
  "n_samples": 500,
  "conditions": {
    "baseline": {
      "acc": 87.6,
      "f1": 87.4493927125506,
      "precision": 88.52459016393442,
      "recall": 86.4,
      "n": 500,
      "n_unknown": 0,
      "blind_gap": 37.599999999999994
    },
    "baseline_blind": {
      "acc": 50.0,
      "f1": 0.0,
      "precision": 0.0,
      "recall": 0.0,
      "n": 500,
      "n_unknown": 0
    },
    "steered": {
      "acc": 87.6,
      "f1": 87.64940239043825,
      "precision": 87.3015873015873,
      "recall": 88.0,
      "n": 500,
      "n_unknown": 0,
      "blind_gap": 37.599999999999994
    },
    "steered_blind": {
      "acc": 50.0,
      "f1": 0.0,
      "precision": 0.0,
      "recall": 0.0,
      "n": 500,
      "n_unknown": 0
    },
    "bon_r1": {
      "acc": 88.0,
      "f1": 87.60330578512396,
      "precision": 90.5982905982906,
      "recall": 84.8,
      "n": 500,
      "n_unknown": 0,
      "blind_gap": 38.0
    },
    "bon_r1_blind": {
      "acc": 50.0,
      "f1": 0.0,
      "precision": 0.0,
      "recall": 0.0,
      "n": 500,
      "n_unknown": 0
    }
  }
}