{
  "exp": 6,
  "model_path": "Qwen/Qwen3-VL-2B-Thinking",
  "output_dir": "lab/reports/phase7/exp6_fixed",
  "group_size": 6,
  "temperature": 1.3,
  "top_p": 0.95,
  "lr": 5e-07,
  "beta_entropy": 0.01,
  "grad_accum": 2,
  "max_new_tokens": 512,
  "min_think_tokens": 32,
  "eval_every": 5,
  "max_grad_norm": 1.0,
  "train_samples": 500,
  "seed": 42,
  "top_k_heads": 12,
  "calibration_file": "checkpoints/calibration/qwen3_vl_2b/calibration_meta.json",
  "gdpo": true,
  "gdpo_w_correct": 0.6,
  "gdpo_w_kl": 0.4,
  "gated_head_kl": true,
  "kl_scale": 1.0,
  "learned_importance": true,
  "importance_lr": 0.001,
  "importance_temp": 2.0,
  "alpha": 0.5,
  "lsr_scale": 10.0,
  "num_steps": 15,
  "vision_heads": [
    [
      5,
      0,
      9.794601440429688
    ],
    [
      4,
      6,
      6.943248271942139
    ],
    [
      23,
      2,
      6.601818561553955
    ],
    [
      2,
      9,
      6.551455974578857
    ],
    [
      5,
      7,
      6.3526153564453125
    ],
    [
      11,
      2,
      6.279165267944336
    ],
    [
      2,
      6,
      5.440063953399658
    ],
    [
      8,
      3,
      5.124786853790283
    ],
    [
      2,
      8,
      5.021932125091553
    ],
    [
      4,
      1,
      4.9568891525268555
    ],
    [
      10,
      8,
      4.931769847869873
    ],
    [
      5,
      10,
      4.551977634429932
    ]
  ],
  "exp_type": "exp6"
}