{
  "model": "internvl",
  "method": "bon_sft_pope_format",
  "timestamp": "20260308_234443",
  "n_train": 456,
  "n_eval": 500,
  "baseline": {
    "acc": 82.39999999999999,
    "f1": 83.5820895522388,
    "precision": 78.32167832167832,
    "recall": 89.60000000000001,
    "n": 500,
    "n_unknown": 0
  },
  "blind": {
    "acc": 50.0,
    "f1": 0.0,
    "precision": 0.0,
    "recall": 0.0,
    "n": 300,
    "n_unknown": 0
  },
  "blind_gap": 32.39999999999999
}