{
  "timestamp": "20260308_170859",
  "n_samples": 3000,
  "conditions": {
    "baseline": {
      "acc": 87.4,
      "f1": 87.1864406779661,
      "precision": 88.6896551724138,
      "recall": 85.73333333333333,
      "n": 3000,
      "n_unknown": 0,
      "blind_gap": 37.400000000000006
    },
    "baseline_blind": {
      "acc": 50.0,
      "f1": 0.0,
      "precision": 0.0,
      "recall": 0.0,
      "n": 3000,
      "n_unknown": 0
    },
    "bon_r1": {
      "acc": 87.76666666666667,
      "f1": 87.37530099759202,
      "precision": 90.26297085998578,
      "recall": 84.66666666666667,
      "n": 3000,
      "n_unknown": 0,
      "blind_gap": 37.766666666666666
    },
    "bon_r1_blind": {
      "acc": 50.0,
      "f1": 0.0,
      "precision": 0.0,
      "recall": 0.0,
      "n": 3000,
      "n_unknown": 0
    },
    "dapo_short": {
      "acc": 87.76666666666667,
      "f1": 87.36660929432013,
      "precision": 90.3202846975089,
      "recall": 84.6,
      "n": 3000,
      "n_unknown": 0,
      "blind_gap": 37.766666666666666
    },
    "dapo_short_blind": {
      "acc": 50.0,
      "f1": 0.0,
      "precision": 0.0,
      "recall": 0.0,
      "n": 3000,
      "n_unknown": 0
    }
  }
}