{
  "config": {
    "model_path": "Qwen/Qwen3-VL-2B-Thinking",
    "output_dir": "checkpoints/phase6c/gated_only",
    "group_size": 6,
    "temperature": 1.3,
    "top_p": 0.95,
    "lr": 2e-06,
    "alpha": 0.5,
    "beta_decay": 0.1,
    "lsr_scale": 10.0,
    "beta_entropy": 0.01,
    "grad_accum": 2,
    "max_new_tokens": 512,
    "min_think_tokens": 32,
    "eval_every": 5,
    "max_grad_norm": 1.0,
    "train_samples": 500,
    "seed": 42,
    "top_k_heads": 12,
    "calibration_file": "checkpoints/calibration/qwen3_vl_2b/calibration_meta.json",
    "gdpo": true,
    "gdpo_w_correct": 0.6,
    "gdpo_w_lsr": 0.4,
    "vppo_mask": true,
    "gated_alpha": 0.5,
    "num_steps": 15,
    "gated_head_lsr": true,
    "curriculum": false
  },
  "vision_heads": [
    [
      5,
      0,
      9.794601440429688
    ],
    [
      4,
      6,
      6.943248271942139
    ],
    [
      23,
      2,
      6.601818561553955
    ],
    [
      2,
      9,
      6.551455974578857
    ],
    [
      5,
      7,
      6.3526153564453125
    ],
    [
      11,
      2,
      6.279165267944336
    ],
    [
      2,
      6,
      5.440063953399658
    ],
    [
      8,
      3,
      5.124786853790283
    ],
    [
      2,
      8,
      5.021932125091553
    ],
    [
      4,
      1,
      4.9568891525268555
    ],
    [
      10,
      8,
      4.931769847869873
    ],
    [
      5,
      10,
      4.551977634429932
    ]
  ],
  "pre_eval": {
    "textvqa": {
      "acc": 0.7266666666666666,
      "total": 50
    },
    "pope": {
      "acc": 0.9166666666666666,
      "total": 60,
      "avg_think_words": 40.06666666666667
    },
    "blind": {
      "real_acc": 0.9,
      "blind_acc": 0.5,
      "gap": 0.4,
      "total": 50
    }
  },
  "steps": [
    {
      "step": 1,
      "loss": 0.022505711764097214,
      "mean_reward": -0.10964701235311113,
      "reward_std": 0.9956527328162716,
      "mean_correct": 1.0,
      "mean_head_score": 8.83325163523356,
      "mean_decay_pen": 1.096470123531094,
      "token_weight_mean": 0.6890298028786978,
      "token_weight_max": 3.5,
      "mean_entropy": 0.19352213541666666,
      "elapsed": 22.243322134017944,
      "gate_mode": "head_lsr"
    },
    {
      "step": 2,
      "loss": 0.051772743463516235,
      "mean_reward": -0.10795161449795161,
      "reward_std": 0.9836787739066164,
      "mean_correct": 1.0,
      "mean_head_score": 8.6850798924764,
      "mean_decay_pen": 1.0795161449795192,
      "token_weight_mean": 0.6823330720265707,
      "token_weight_max": 3.491889158884684,
      "mean_entropy": 0.1826171875,
      "elapsed": 21.923933029174805,
      "gate_mode": "head_lsr"
    },
    {
      "step": 3,
      "loss": -0.11249496787786484,
      "mean_reward": -0.06704101540593181,
      "reward_std": 0.9877943622878623,
      "mean_correct": 0.6666666666666666,
      "mean_head_score": 6.577637275060018,
      "mean_decay_pen": 0.6704101540593187,
      "token_weight_mean": 1.0,
      "token_weight_max": 1.0,
      "mean_entropy": 0.4970703125,
      "elapsed": 49.817174196243286,
      "gate_mode": "correctness"
    },
    {
      "step": 4,
      "loss": -0.009360338561236858,
      "mean_reward": -0.06895879683887039,
      "reward_std": 0.9969513412431614,
      "mean_correct": 0.16666666666666666,
      "mean_head_score": 8.040705919265747,
      "mean_decay_pen": 0.6895879683887042,
      "token_weight_mean": 1.0,
      "token_weight_max": 1.0,
      "mean_entropy": 0.5543619791666666,
      "elapsed": 119.14198899269104,
      "gate_mode": "correctness"
    },
    {
      "step": 5,
      "loss": -0.1194661408662796,
      "mean_reward": -0.05429248961884477,
      "reward_std": 0.9943995314725651,
      "mean_correct": 0.0,
      "mean_head_score": 5.283825238545735,
      "mean_decay_pen": 0.5429248961884275,
      "token_weight_mean": 0.6371136605739594,
      "token_weight_max": 3.5,
      "mean_entropy": 0.5553385416666666,
      "elapsed": 85.31081223487854,
      "gate_mode": "head_lsr"
    },
    {
      "step": 6,
      "loss": -0.08705542981624603,
      "mean_reward": -0.052888643215203146,
      "reward_std": 0.9955636959526453,
      "mean_correct": 0.2222222222222222,
      "mean_head_score": 6.887734889984131,
      "mean_decay_pen": 0.5288864321520317,
      "token_weight_mean": 0.9999999900658926,
      "token_weight_max": 1.0,
      "mean_entropy": 0.5182291666666666,
      "elapsed": 124.07174348831177,
      "gate_mode": "correctness"
    },
    {
      "step": 7,
      "loss": -0.05496871471405029,
      "mean_reward": -0.12011240501252451,
      "reward_std": 0.9858270390277222,
      "mean_correct": 0.3333333333333333,
      "mean_head_score": 8.91154670715332,
      "mean_decay_pen": 1.2011240501252434,
      "token_weight_mean": 0.652444322903951,
      "token_weight_max": 3.255606452624003,
      "mean_entropy": 0.21061197916666666,
      "elapsed": 20.530390977859497,
      "gate_mode": "head_lsr"
    },
    {
      "step": 8,
      "loss": 0.10452021658420563,
      "mean_reward": -0.05707245500022804,
      "reward_std": 0.9955789591972517,
      "mean_correct": 1.0,
      "mean_head_score": 6.974182049433391,
      "mean_decay_pen": 0.5707245500022711,
      "token_weight_mean": 0.7750038802623749,
      "token_weight_max": 2.7251013914744058,
      "mean_entropy": 0.4208984375,
      "elapsed": 29.48672890663147,
      "gate_mode": "head_lsr"
    },
    {
      "step": 9,
      "loss": -0.0010876457672566175,
      "mean_reward": -0.0897802722561527,
      "reward_std": 0.9941605213018022,
      "mean_correct": 0.3333333333333333,
      "mean_head_score": 8.370542605717977,
      "mean_decay_pen": 0.8978027225615589,
      "token_weight_mean": 0.6633466283480326,
      "token_weight_max": 3.4663426081339517,
      "mean_entropy": 0.3271484375,
      "elapsed": 33.39926791191101,
      "gate_mode": "head_lsr"
    },
    {
      "step": 10,
      "loss": 0.0701812207698822,
      "mean_reward": -0.10852147834197894,
      "reward_std": 0.00544971760117912,
      "mean_correct": 0.0,
      "mean_head_score": 10.0,
      "mean_decay_pen": 1.0852147834197892,
      "token_weight_mean": 0.7577923635641733,
      "token_weight_max": 2.882248799006144,
      "mean_entropy": 0.4163411458333333,
      "elapsed": 131.7765257358551,
      "gate_mode": "head_lsr"
    },
    {
      "step": 11,
      "loss": -0.028089364990592003,
      "mean_reward": -0.11176841189766708,
      "reward_std": 0.9873793428747357,
      "mean_correct": 1.0,
      "mean_head_score": 9.919237613677979,
      "mean_decay_pen": 1.11768411897663,
      "token_weight_mean": 0.7465136051177979,
      "token_weight_max": 2.922652085622152,
      "mean_entropy": 0.3212890625,
      "elapsed": 58.26996374130249,
      "gate_mode": "head_lsr"
    },
    {
      "step": 12,
      "loss": -0.027043957263231277,
      "mean_reward": -0.09871237903055359,
      "reward_std": 0.993926412189891,
      "mean_correct": 1.0,
      "mean_head_score": 8.470062096913656,
      "mean_decay_pen": 0.9871237903055391,
      "token_weight_mean": 0.6626550555229187,
      "token_weight_max": 3.333819627761841,
      "mean_entropy": 0.15690104166666666,
      "elapsed": 16.9380841255188,
      "gate_mode": "head_lsr"
    },
    {
      "step": 13,
      "loss": 0.05433565005660057,
      "mean_reward": -0.11092482143497366,
      "reward_std": 0.9995333614453195,
      "mean_correct": 1.0,
      "mean_head_score": 9.872497399648031,
      "mean_decay_pen": 1.1092482143497553,
      "token_weight_mean": 0.7105418940385183,
      "token_weight_max": 3.4188559850056968,
      "mean_entropy": 0.1865234375,
      "elapsed": 21.89278817176819,
      "gate_mode": "head_lsr"
    },
    {
      "step": 14,
      "loss": 0.13279923796653748,
      "mean_reward": -0.06981076877236585,
      "reward_std": 0.9876809040660015,
      "mean_correct": 1.0,
      "mean_head_score": 6.709797779719035,