{
  "config": {
    "model_path": "Qwen/Qwen3-VL-2B-Thinking",
    "output_dir": "checkpoints/phase7_scaleup/exp1_1k",
    "group_size": 6,
    "temperature": 1.3,
    "top_p": 0.95,
    "lr": 2e-06,
    "alpha": 0.5,
    "beta_decay": 0.1,
    "lsr_scale": 10.0,
    "beta_entropy": 0.01,
    "grad_accum": 2,
    "max_new_tokens": 512,
    "min_think_tokens": 32,
    "eval_every": 5,
    "max_grad_norm": 1.0,
    "train_samples": 1000,
    "seed": 42,
    "top_k_heads": 12,
    "calibration_file": "checkpoints/calibration/qwen3_vl_2b/calibration_meta.json",
    "gdpo": true,
    "gdpo_w_correct": 0.6,
    "gdpo_w_lsr": 0.4,
    "vppo_mask": true,
    "gated_alpha": 0.5,
    "num_steps": 30,
    "gated_head_lsr": true,
    "curriculum": false
  },
  "vision_heads": [
    [
      5,
      0,
      9.794601440429688
    ],
    [
      4,
      6,
      6.943248271942139
    ],
    [
      23,
      2,
      6.601818561553955
    ],
    [
      2,
      9,
      6.551455974578857
    ],
    [
      5,
      7,
      6.3526153564453125
    ],
    [
      11,
      2,
      6.279165267944336
    ],
    [
      2,
      6,
      5.440063953399658
    ],
    [
      8,
      3,
      5.124786853790283
    ],
    [
      2,
      8,
      5.021932125091553
    ],
    [
      4,
      1,
      4.9568891525268555
    ],
    [
      10,
      8,
      4.931769847869873
    ],
    [
      5,
      10,
      4.551977634429932
    ]
  ],
  "pre_eval": {
    "textvqa": {
      "acc": 0.7266666666666666,
      "total": 50
    },
    "pope": {
      "acc": 0.9166666666666666,
      "total": 60,
      "avg_think_words": 40.06666666666667
    },
    "blind": {
      "real_acc": 0.9,
      "blind_acc": 0.5,
      "gap": 0.4,
      "total": 50
    }
  },
  "steps": [
    {
      "step": 1,
      "loss": -0.043140627443790436,
      "mean_reward": -0.0932150615560875,
      "reward_std": 0.9948413885408709,
      "mean_correct": 1.0,
      "mean_head_score": 7.807982047398885,
      "mean_decay_pen": 0.9321506155608908,
      "token_weight_mean": 0.5521708230177561,
      "token_weight_max": 3.5,
      "mean_entropy": 0.208984375,
      "elapsed": 20.152395486831665,
      "gate_mode": "head_lsr"
    },
    {
      "step": 2,
      "loss": -0.04896710813045502,
      "mean_reward": -0.11194089867707645,
      "reward_std": 0.009957727797478135,
      "mean_correct": 1.0,
      "mean_head_score": 10.0,
      "mean_decay_pen": 1.1194089867707644,
      "token_weight_mean": 0.7670420904954275,
      "token_weight_max": 2.4982177019119263,
      "mean_entropy": 0.2809244791666667,
      "elapsed": 20.13070034980774,
      "gate_mode": "head_lsr"
    },
    {
      "step": 3,
      "loss": -0.0700555294752121,
      "mean_reward": -0.126707152870928,
      "reward_std": 0.9978959267629497,
      "mean_correct": 0.3333333333333333,
      "mean_head_score": 9.979584693908691,
      "mean_decay_pen": 1.2670715287094427,
      "token_weight_mean": 0.6204356650511423,
      "token_weight_max": 3.452636996905009,
      "mean_entropy": 0.12410481770833333,
      "elapsed": 17.184426069259644,
      "gate_mode": "head_lsr"
    },
    {
      "step": 4,
      "loss": 0.20116399228572845,
      "mean_reward": -0.1009465234478175,
      "reward_std": 0.9837083660461574,
      "mean_correct": 1.0,
      "mean_head_score": 8.876420338948568,
      "mean_decay_pen": 1.0094652344781812,
      "token_weight_mean": 0.6792537371317545,
      "token_weight_max": 3.1531957387924194,
      "mean_entropy": 0.20947265625,
      "elapsed": 21.868903398513794,
      "gate_mode": "head_lsr"
    },
    {
      "step": 5,
      "loss": 0.1830035299062729,
      "mean_reward": -0.0992379168152666,
      "reward_std": 0.9837689894426255,
      "mean_correct": 1.0,
      "mean_head_score": 9.026353597640991,
      "mean_decay_pen": 0.9923791681526635,
      "token_weight_mean": 0.7314184208710989,
      "token_weight_max": 2.844034711519877,
      "mean_entropy": 0.22607421875,
      "elapsed": 15.878448009490967,
      "gate_mode": "head_lsr"
    },
    {
      "step": 6,
      "loss": -0.1650599241256714,
      "mean_reward": -0.10330736047411355,
      "reward_std": 0.9821149130210776,
      "mean_correct": 0.7222222222222222,
      "mean_head_score": 9.025288899739584,
      "mean_decay_pen": 1.0330736047411355,
      "token_weight_mean": 1.0,
      "token_weight_max": 1.0,
      "mean_entropy": 0.3802083333333333,
      "elapsed": 31.83887767791748,
      "gate_mode": "correctness"
    },
    {
      "step": 7,
      "loss": -0.07765942066907883,
      "mean_reward": -0.15840980569502747,
      "reward_std": 0.01571631313607106,
      "mean_correct": 1.0,
      "mean_head_score": 10.0,
      "mean_decay_pen": 1.5840980569502745,
      "token_weight_mean": 0.7263749440511068,
      "token_weight_max": 2.8602718512217202,
      "mean_entropy": 0.09659830729166667,
      "elapsed": 17.133862733840942,
      "gate_mode": "head_lsr"
    },
    {
      "step": 8,
      "loss": -0.005004832521080971,
      "mean_reward": -0.07647882372414849,
      "reward_std": 0.9932015913913642,
      "mean_correct": 0.3333333333333333,
      "mean_head_score": 8.29062024752299,
      "mean_decay_pen": 0.7647882372414928,
      "token_weight_mean": 0.7228474617004395,
      "token_weight_max": 3.207316438357035,
      "mean_entropy": 0.21614583333333334,
      "elapsed": 27.95508313179016,
      "gate_mode": "head_lsr"
    },
    {
      "step": 9,
      "loss": -0.02481217309832573,
      "mean_reward": -0.060389228139266116,
      "reward_std": 0.9943889554051241,
      "mean_correct": 1.0,
      "mean_head_score": 6.387397527694702,
      "mean_decay_pen": 0.6038922813926716,
      "token_weight_mean": 0.7213384012381235,
      "token_weight_max": 2.9821831782658896,
      "mean_entropy": 0.5029296875,
      "elapsed": 58.696656942367554,
      "gate_mode": "head_lsr"
    },
    {
      "step": 10,
      "loss": 0.06077525019645691,
      "mean_reward": -0.1484198445188497,
      "reward_std": 0.01816408697807821,
      "mean_correct": 1.0,
      "mean_head_score": 10.0,
      "mean_decay_pen": 1.4841984451884969,
      "token_weight_mean": 0.6182591517766317,
      "token_weight_max": 3.1070165236790976,
      "mean_entropy": 0.17610677083333334,
      "elapsed": 21.866891860961914,
      "gate_mode": "head_lsr"
    },
    {
      "step": 11,
      "loss": -0.060006387531757355,
      "mean_reward": -0.09188310331005227,
      "reward_std": 0.9863481422158044,
      "mean_correct": 1.0,
      "mean_head_score": 8.277150869369507,
      "mean_decay_pen": 0.9188310331005282,
      "token_weight_mean": 0.665825774272283,
      "token_weight_max": 3.0420623222986856,
      "mean_entropy": 0.23942057291666666,
      "elapsed": 17.81701159477234,
      "gate_mode": "head_lsr"
    },
    {
      "step": 12,
      "loss": -0.021175604313611984,
      "mean_reward": -0.14537792696544272,
      "reward_std": 0.019274352242894796,
      "mean_correct": 1.0,
      "mean_head_score": 10.0,
      "mean_decay_pen": 1.4537792696544274,
      "token_weight_mean": 0.760101834932963,
      "token_weight_max": 2.7431719303131104,
      "mean_entropy": 0.16097005208333334,
      "elapsed": 20.865572214126587,
      "gate_mode": "head_lsr"
    },
    {
      "step": 13,
      "loss": 0.03395695984363556,
      "mean_reward": -0.0985531716288545,
      "reward_std": 1.0017702169892115,
      "mean_correct": 0.8888888888888888,
      "mean_head_score": 9.518642902374268,
      "mean_decay_pen": 0.9855317162885461,
      "token_weight_mean": 0.999999980131785,
      "token_weight_max": 1.0,
      "mean_entropy": 0.4182942708333333,
      "elapsed": 62.566301107406616,
      "gate_mode": "correctness"
    },
    {
      "step": 14,
      "loss": 0.06591124832630157,
      "mean_reward": -0.07583677886534086,
      "reward_std": 0.997099352737965,
      "mean_correct": 1.0,
      "mean_head_score": 7.402797857920329,