{
  "config": {
    "model_path": "Qwen/Qwen3-VL-2B-Thinking",
    "output_dir": "checkpoints/phase6_head_mask/gdpo_vppo_r2",
    "group_size": 6,
    "temperature": 1.3,
    "top_p": 0.95,
    "lr": 2e-06,
    "alpha": 0.5,
    "beta_decay": 0.1,
    "lsr_scale": 10.0,
    "beta_entropy": 0.01,
    "grad_accum": 2,
    "max_new_tokens": 512,
    "min_think_tokens": 32,
    "eval_every": 10,
    "max_grad_norm": 1.0,
    "train_samples": 500,
    "seed": 42,
    "top_k_heads": 12,
    "calibration_file": "checkpoints/calibration/qwen3_vl_2b/calibration_meta.json",
    "gdpo": true,
    "gdpo_w_correct": 0.6,
    "gdpo_w_lsr": 0.4,
    "vppo_mask": true,
    "num_steps": 30
  },
  "vision_heads": [
    [
      5,
      0,
      9.794601440429688
    ],
    [
      4,
      6,
      6.943248271942139
    ],
    [
      23,
      2,
      6.601818561553955
    ],
    [
      2,
      9,
      6.551455974578857
    ],
    [
      5,
      7,
      6.3526153564453125
    ],
    [
      11,
      2,
      6.279165267944336
    ],
    [
      2,
      6,
      5.440063953399658
    ],
    [
      8,
      3,
      5.124786853790283
    ],
    [
      2,
      8,
      5.021932125091553
    ],
    [
      4,
      1,
      4.9568891525268555
    ],
    [
      10,
      8,
      4.931769847869873
    ],
    [
      5,
      10,
      4.551977634429932
    ]
  ],
  "pre_eval": {
    "textvqa": {
      "acc": 0.7266666666666666,
      "total": 50
    },
    "pope": {
      "acc": 0.9166666666666666,
      "total": 60,
      "avg_think_words": 40.06666666666667
    },
    "blind": {
      "real_acc": 0.9,
      "blind_acc": 0.5,
      "gap": 0.4,
      "total": 50
    }
  },
  "steps": [
    {
      "step": 1,
      "loss": 0.021542083472013474,
      "mean_reward": -0.10964701235311007,
      "reward_std": 0.3956896785540844,
      "mean_correct": 1.0,
      "mean_head_score": 8.83325163523356,
      "mean_decay_pen": 1.096470123531094,
      "token_weight_mean": 0.6890298028786978,
      "token_weight_max": 3.5,
      "mean_entropy": 0.19352213541666666,
      "elapsed": 22.406087636947632
    },
    {
      "step": 2,
      "loss": 0.05180042237043381,
      "mean_reward": -0.1079516144979518,
      "reward_std": 0.38369713064239985,
      "mean_correct": 1.0,
      "mean_head_score": 8.6850798924764,
      "mean_decay_pen": 1.0795161449795192,
      "token_weight_mean": 0.6823330720265707,
      "token_weight_max": 3.491889158884684,
      "mean_entropy": 0.1826171875,
      "elapsed": 22.441343069076538
    },
    {
      "step": 3,
      "loss": -0.20596157014369965,
      "mean_reward": -0.0737463947282291,
      "reward_std": 0.6728032458665295,
      "mean_correct": 0.6666666666666666,
      "mean_head_score": 6.8497218290964765,
      "mean_decay_pen": 0.7374639472822887,
      "token_weight_mean": 0.6896974543730418,
      "token_weight_max": 3.5,
      "mean_entropy": 0.4690755208333333,
      "elapsed": 46.46666598320007
    },
    {
      "step": 4,
      "loss": -0.05852007493376732,
      "mean_reward": -0.07145598741221561,
      "reward_std": 0.8931064299091476,
      "mean_correct": 0.6666666666666666,
      "mean_head_score": 8.136150121688843,
      "mean_decay_pen": 0.7145598741221503,
      "token_weight_mean": 0.7468574245770773,
      "token_weight_max": 3.5,
      "mean_entropy": 0.5143229166666666,
      "elapsed": 96.39586639404297
    },
    {
      "step": 5,
      "loss": -0.006887912750244141,
      "mean_reward": -0.04798235209086579,
      "reward_std": 0.569195954237857,
      "mean_correct": 0.16666666666666666,
      "mean_head_score": 4.94059157371521,
      "mean_decay_pen": 0.4798235209086625,
      "token_weight_mean": 0.6250014503796896,
      "token_weight_max": 3.5,
      "mean_entropy": 0.5546875,
      "elapsed": 104.61936593055725
    },
    {
      "step": 6,
      "loss": -0.04671720415353775,
      "mean_reward": -0.056062920127780864,
      "reward_std": 0.9287513058398104,
      "mean_correct": 0.2222222222222222,
      "mean_head_score": 7.118329445521037,
      "mean_decay_pen": 0.5606292012778161,
      "token_weight_mean": 0.7067972918351492,
      "token_weight_max": 3.4580737749735513,
      "mean_entropy": 0.4680989583333333,
      "elapsed": 109.29416251182556
    },
    {
      "step": 7,
      "loss": 0.042274609208106995,
      "mean_reward": -0.11478571139876494,
      "reward_std": 0.3823948224790777,
      "mean_correct": 0.3333333333333333,
      "mean_head_score": 8.58993911743164,
      "mean_decay_pen": 1.1478571139876474,
      "token_weight_mean": 0.6529127359390259,
      "token_weight_max": 3.313463012377421,
      "mean_entropy": 0.19986979166666666,
      "elapsed": 20.887223958969116
    },
    {
      "step": 8,
      "loss": -0.0419391468167305,
      "mean_reward": -0.057738014844884666,
      "reward_std": 0.39171878464538273,
      "mean_correct": 1.0,
      "mean_head_score": 6.944337765375773,
      "mean_decay_pen": 0.5773801484488451,
      "token_weight_mean": 0.8227186699708303,
      "token_weight_max": 2.472980578740438,
      "mean_entropy": 0.392578125,
      "elapsed": 29.84948420524597
    },
    {
      "step": 9,
      "loss": -0.04559105262160301,
      "mean_reward": -0.09271200322839934,
      "reward_std": 0.6211290065753637,
      "mean_correct": 0.4444444444444444,
      "mean_head_score": 8.566683451334635,
      "mean_decay_pen": 0.927120032283992,
      "token_weight_mean": 0.6632147431373596,
      "token_weight_max": 3.3809703588485718,
      "mean_entropy": 0.3048502604166667,
      "elapsed": 34.771669149398804
    },
    {
      "step": 10,
      "loss": 0.017483443021774292,
      "mean_reward": -0.106432818806568,
      "reward_std": 0.005889466839300391,
      "mean_correct": 0.0,
      "mean_head_score": 10.0,
      "mean_decay_pen": 1.06432818806568,
      "token_weight_mean": 0.767293800910314,
      "token_weight_max": 2.7246460914611816,
      "mean_entropy": 0.4098307291666667,
      "elapsed": 138.274498462677
    },
    {
      "step": 11,
      "loss": -0.04634030908346176,
      "mean_reward": -0.0963069407735921,
      "reward_std": 0.9281794609670152,
      "mean_correct": 0.8333333333333334,
      "mean_head_score": 9.558889389038086,
      "mean_decay_pen": 0.9630694077359313,
      "token_weight_mean": 0.7251437505086263,
      "token_weight_max": 3.1597065528233848,
      "mean_entropy": 0.3255208333333333,
      "elapsed": 83.93772673606873
    },
    {
      "step": 12,
      "loss": 0.03905747830867767,
      "mean_reward": -0.10743836751335338,
      "reward_std": 0.3867775368980759,
      "mean_correct": 1.0,
      "mean_head_score": 9.060912609100342,
      "mean_decay_pen": 1.0743836751335376,
      "token_weight_mean": 0.6521427035331726,
      "token_weight_max": 3.2041947841644287,
      "mean_entropy": 0.16455078125,
      "elapsed": 15.653918743133545
    },
    {
      "step": 13,
      "loss": 0.045265622437000275,
      "mean_reward": -0.10833294465803166,
      "reward_std": 0.3998396718428374,
      "mean_correct": 1.0,
      "mean_head_score": 9.748340606689453,
      "mean_decay_pen": 1.0833294465803214,
      "token_weight_mean": 0.7108205159505209,
      "token_weight_max": 3.4299352169036865,
      "mean_entropy": 0.18831380208333334,
      "elapsed": 23.221299648284912
    },
    {
      "step": 14,
      "loss": -0.07380138337612152,
      "mean_reward": -0.07667933828006827,
      "reward_std": 0.3863580564400882,
      "mean_correct": 1.0,
      "mean_head_score": 6.882439931233724,
      "mean_decay_pen": 0.7667933828006843,
      "token_weight_mean": 0.6387771169344584,
      "token_weight_max": 3.48661998907725,
      "mean_entropy": 0.3419596354166667,
      "elapsed": 25.13536262512207
    },
    {
      "step": 15,
      "loss": -0.034292809665203094,
      "mean_reward": -0.10031547249029038,
      "reward_std": 0.8004534139877895,
      "mean_correct": 0.16666666666666666,