{
  "round1": {
    "pope": {
      "acc": 82.6,
      "f1": 83.67729831144464,
      "precision": 78.79858657243817,
      "recall": 89.2,
      "n": 500,
      "n_unknown": 0
    },
    "blind_gap": 32.599999999999994
  },
  "round2": {
    "pope": {
      "acc": 83.39999999999999,
      "f1": 84.31001890359168,
      "precision": 79.92831541218638,
      "recall": 89.2,
      "n": 500,
      "n_unknown": 0
    },
    "blind_gap": 33.39999999999999
  },
  "n_curated": 433
}