{
  "Baseline": {
    "pope": {
      "random": {
        "acc": 0.9191616766467066,
        "f1": 0.9137380191693292,
        "precision": 0.9794520547945206,
        "recall": 0.8562874251497006,
        "total": 334
      },
      "popular": {
        "acc": 0.907185628742515,
        "f1": 0.9022082018927444,
        "precision": 0.9533333333333334,
        "recall": 0.8562874251497006,
        "total": 334
      },
      "adversarial": {
        "acc": 0.8712574850299402,
        "f1": 0.8693009118541033,
        "precision": 0.8827160493827161,
        "recall": 0.8562874251497006,
        "total": 334
      },
      "overall": {
        "acc": 0.8992015968063872,
        "f1": 0.8946819603753912,
        "precision": 0.9366812227074236,
        "recall": 0.8562874251497006,
        "total": 1002
      }
    },
    "blind": {
      "real_acc": 0.925,
      "blind_acc": 0.5,
      "gap": 0.42500000000000004,
      "total": 200
    }
  },
  "GRPO-LSR": {
    "pope": {
      "random": {
        "acc": 0.9221556886227545,
        "f1": 0.9171974522292994,
        "precision": 0.9795918367346939,
        "recall": 0.8622754491017964,
        "total": 334
      },
      "popular": {
        "acc": 0.9161676646706587,
        "f1": 0.9113924050632912,
        "precision": 0.9664429530201343,
        "recall": 0.8622754491017964,
        "total": 334
      },
      "adversarial": {
        "acc": 0.874251497005988,
        "f1": 0.8727272727272728,
        "precision": 0.8834355828220859,
        "recall": 0.8622754491017964,
        "total": 334
      },
      "overall": {
        "acc": 0.9041916167664671,
        "f1": 0.9,
        "precision": 0.9411764705882353,
        "recall": 0.8622754491017964,
        "total": 1002
      }
    },
    "blind": {
      "real_acc": 0.93,
      "blind_acc": 0.5,
      "gap": 0.43000000000000005,
      "total": 200
    }
  },
  "GDPO-noLSR": {
    "pope": {
      "random": {
        "acc": 0.9191616766467066,
        "f1": 0.9137380191693292,
        "precision": 0.9794520547945206,
        "recall": 0.8562874251497006,
        "total": 334
      },
      "popular": {
        "acc": 0.9101796407185628,
        "f1": 0.9050632911392404,
        "precision": 0.959731543624161,
        "recall": 0.8562874251497006,
        "total": 334
      },
      "adversarial": {
        "acc": 0.8682634730538922,
        "f1": 0.8666666666666667,
        "precision": 0.8773006134969326,
        "recall": 0.8562874251497006,
        "total": 334
      },
      "overall": {
        "acc": 0.8992015968063872,
        "f1": 0.8946819603753912,
        "precision": 0.9366812227074236,
        "recall": 0.8562874251497006,
        "total": 1002
      }
    },
    "blind": {
      "real_acc": 0.925,
      "blind_acc": 0.5,
      "gap": 0.42500000000000004,
      "total": 200
    }
  },
  "DPO": {
    "pope": {
      "random": {
        "acc": 0.9251497005988024,
        "f1": 0.9206349206349207,
        "precision": 0.9797297297297297,
        "recall": 0.8682634730538922,
        "total": 334
      },
      "popular": {
        "acc": 0.9131736526946108,
        "f1": 0.9090909090909091,
        "precision": 0.9539473684210527,
        "recall": 0.8682634730538922,
        "total": 334
      },
      "adversarial": {
        "acc": 0.874251497005988,
        "f1": 0.8734939759036144,
        "precision": 0.8787878787878788,
        "recall": 0.8682634730538922,
        "total": 334
      },
      "overall": {
        "acc": 0.9041916167664671,
        "f1": 0.9006211180124223,
        "precision": 0.9354838709677419,
        "recall": 0.8682634730538922,
        "total": 1002
      }
    },
    "blind": {
      "real_acc": 0.935,
      "blind_acc": 0.5,
      "gap": 0.43500000000000005,
      "total": 200
    }
  }
}