{
  "metrics": {
    "Overall": {
      "acc": 78.2,
      "f1": 80.84358523725837,
      "precision": 72.10031347962382,
      "recall": 92.0,
      "n": 500,
      "n_unknown": 0
    },
    "adversarial": {
      "acc": 78.2,
      "f1": 80.84358523725837,
      "precision": 72.10031347962382,
      "recall": 92.0,
      "n": 500,
      "n_unknown": 0
    }
  }
}