{
  "metrics": {
    "Overall": {
      "acc": 78.4,
      "f1": 81.11888111888112,
      "precision": 72.04968944099379,
      "recall": 92.80000000000001,
      "n": 500,
      "n_unknown": 0
    },
    "adversarial": {
      "acc": 78.4,
      "f1": 81.11888111888112,
      "precision": 72.04968944099379,
      "recall": 92.80000000000001,
      "n": 500,
      "n_unknown": 0
    }
  }
}