{
  "metrics": {
    "Overall": {
      "acc": 78.4,
      "f1": 80.98591549295774,
      "precision": 72.32704402515722,
      "recall": 92.0,
      "n": 500,
      "n_unknown": 0
    },
    "adversarial": {
      "acc": 78.4,
      "f1": 80.98591549295774,
      "precision": 72.32704402515722,
      "recall": 92.0,
      "n": 500,
      "n_unknown": 0
    }
  }
}