{
  "metrics": {
    "Overall": {
      "acc": 76.6,
      "f1": 80.20304568527918,
      "precision": 69.50146627565982,
      "recall": 94.8,
      "n": 500,
      "n_unknown": 0
    },
    "adversarial": {
      "acc": 76.6,
      "f1": 80.20304568527918,
      "precision": 69.50146627565982,
      "recall": 94.8,
      "n": 500,
      "n_unknown": 0
    }
  }
}